{"epoch": 2, "train_loss": 1.7321034646154134, "val_loss": 2.2188672062795645, "val_precision": 0.40554561717352416, "val_recall": 0.5490433519011867, "val_f1": 0.4665089000926021, "val_exact_match": 0.7280550774526678, "_timestamp": 1734141331.8915517, "_runtime": 770.8434517383575, "_step": 1, "_wandb": {"runtime": 770}}