{"epoch": 2, "train_loss": 2.5464320073182556, "val_loss": 2.729219274861472, "val_precision": 0.3318089877759212, "val_recall": 0.49378353618636306, "val_f1": 0.3969072164948454, "val_exact_match": 0.5989672977624785, "_timestamp": 1734054604.892858, "_runtime": 976.1314790248871, "_step": 1, "_wandb": {"runtime": 976}}