{"epoch": 2, "train_loss": 1.9787945088983951, "val_loss": 2.2737221723253076, "val_precision": 0.3706942709262895, "val_recall": 0.5030273674013078, "val_f1": 0.426839293053843, "val_exact_match": 0.7028112449799196, "_timestamp": 1734201016.3664532, "_runtime": 735.4906630516052, "_step": 1, "_wandb": {"runtime": 735}}