{"epoch": 1, "train_loss": 4.296775357501388, "val_loss": 2.845092841244619, "val_precision": 0.2795278730361273, "val_recall": 0.44474051516305035, "val_f1": 0.3432908912830559, "val_exact_match": 0.5966724039013196, "_timestamp": 1734065851.265257, "_runtime": 554.3352289199829, "_step": 0}