{"epoch": 2, "train_loss": 2.3275375859207426, "val_loss": 2.71256362298213, "val_precision": 0.3455680399500624, "val_recall": 0.5255031008733072, "val_f1": 0.4169511950190802, "val_exact_match": 0.6144578313253012, "_timestamp": 1734066320.3616354, "_runtime": 1023.4316074848175, "_step": 1, "_wandb": {"runtime": 1023}}