{"epoch": 3, "train_loss": 1.3854375960903753, "val_loss": 3.9713246209628426, "val_precision": 0.5038724884947806, "val_recall": 0.5379269023367286, "val_f1": 0.520343108844326, "val_exact_match": 0.6557659208261618, "_timestamp": 1734079018.4997709, "_runtime": 1735.9710137844086, "_step": 2, "_wandb": {"runtime": 1735}}