{"epoch": 2, "train_loss": 1.8221118880328775, "val_loss": 2.2399122623402046, "val_precision": 0.39205684095463655, "val_recall": 0.5211915718091548, "val_f1": 0.44749428155541693, "val_exact_match": 0.7194492254733219, "_timestamp": 1734167298.713417, "_runtime": 755.9669721126556, "_step": 1, "_wandb": {"runtime": 755}}