{"epoch": 3, "train_loss": 1.1150173829219454, "val_loss": 2.958587604360185, "val_precision": 0.45367470989132436, "val_recall": 0.5965124727536933, "val_f1": 0.5153797865662272, "val_exact_match": 0.7332185886402753, "_timestamp": 1734147259.1640086, "_runtime": 1177.6630926132202, "_step": 2, "_wandb": {"runtime": 1177}}