{"epoch": 2, "train_loss": 1.9058597031039537, "val_loss": 2.6040962956837217, "val_precision": 0.41656113005358014, "val_recall": 0.5240838338031621, "val_f1": 0.4641771602257925, "val_exact_match": 0.6465863453815262, "_timestamp": 1734058975.2456076, "_runtime": 1084.5717296600342, "_step": 1, "_wandb": {"runtime": 1084}}