{"epoch": 3, "train_loss": 1.212635434768771, "val_loss": 3.203596338711961, "val_precision": 0.3605467306981899, "val_recall": 0.4968817614865725, "val_f1": 0.4178753010436179, "val_exact_match": 0.6551921973608721, "_timestamp": 1734231953.3731024, "_runtime": 1130.0271344184875, "_step": 2, "_wandb": {"runtime": 1129}}