{"epoch": 2, "train_loss": 1.7074196810839462, "val_loss": 2.2680436085328597, "val_precision": 0.4117231638418079, "val_recall": 0.5647856623879874, "val_f1": 0.476258552026958, "val_exact_match": 0.7286288009179576, "_timestamp": 1734164622.0093071, "_runtime": 805.6925990581512, "_step": 1, "_wandb": {"runtime": 805}}