{"epoch": 2, "train_loss": 2.0291645557715974, "val_loss": 2.328688670830293, "val_precision": 0.38662674650698603, "val_recall": 0.4691208525066602, "val_f1": 0.4238975817923186, "val_exact_match": 0.7005163511187608, "_timestamp": 1734124770.5078986, "_runtime": 1005.0112745761871, "_step": 1, "_wandb": {"runtime": 1004}}