{"epoch": 1, "train_loss": 3.866519473336943, "val_loss": 2.6483973567843986, "val_precision": 0.6637955785242607, "val_recall": 0.3857190523857191, "val_f1": 0.4879181175477472, "overprediction_cases": 88, "overprediction_avg_length": 9.545454545454545, "true_avg_length": 3.4545454545454546, "true_positives": 2312, "false_positives": 1171, "false_negatives": 3682, "_timestamp": 1734306863.7519085, "_runtime": 474.5381374359131, "_step": 0}