{"epoch": 3, "train_loss": 1.3806496038861658, "val_loss": 2.3485322941433298, "val_precision": 0.3710563490817768, "val_recall": 0.5725357229353354, "val_f1": 0.4502857142857143, "val_exact_match": 0.7119908204245554, "_timestamp": 1734140551.695865, "_runtime": 1067.9269218444824, "_step": 2, "_wandb": {"runtime": 1067}}