{"epoch": 1, "train_loss": 4.795843425290338, "val_loss": 3.2404015319687978, "val_precision": 0.2511944788533003, "val_recall": 0.35236440362417776, "val_f1": 0.2933002737744719, "val_exact_match": 0.5536431440045898, "_timestamp": 1734055146.758746, "_runtime": 530.7015509605408, "_step": 0, "_wandb": {"runtime": 530}}