{"epoch": 2, "train_loss": 1.7719395872933426, "val_loss": 2.2918886083323473, "val_precision": 0.31259589900962476, "val_recall": 0.5427464277064664, "val_f1": 0.3967073818374934, "val_exact_match": 0.7171543316121629, "_timestamp": 1734189269.2726195, "_runtime": 754.860892534256, "_step": 1, "_wandb": {"runtime": 754}}