{"epoch": 1, "train_loss": 4.788343855978429, "val_loss": 3.3344642328364507, "val_precision": 0.23832462442847813, "val_recall": 0.37142130041990074, "val_f1": 0.2903466454468593, "val_exact_match": 0.5473321858864028, "_timestamp": 1734069749.2080927, "_runtime": 525.2303557395935, "_step": 0, "_wandb": {"runtime": 525}}