{"epoch": 2, "train_loss": 2.083908615947294, "val_loss": 2.93973972624485, "val_precision": 0.40708051387663036, "val_recall": 0.5138012130214136, "val_f1": 0.4542569490041585, "val_exact_match": 0.6500286861732645, "_timestamp": 1734038803.4386787, "_runtime": 1191.8677916526794, "_step": 1, "_wandb": {"runtime": 1191}}