{"epoch": 3, "train_loss": 1.3329312666439637, "val_loss": 2.9350793844573797, "val_precision": 0.3756785151462091, "val_recall": 0.5461372024945909, "val_f1": 0.4451475698947041, "val_exact_match": 0.6546184738955824, "_timestamp": 1734228975.3378668, "_runtime": 1133.4937148094177, "_step": 2, "_wandb": {"runtime": 1133}}