{"epoch": 1, "train_loss": 4.055003602169999, "val_loss": 2.6960328620166405, "val_precision": 0.3809801633605601, "val_recall": 0.4819188191881919, "val_f1": 0.42554578038449004, "val_exact_match": 0.6253585771658061, "_timestamp": 1734029352.0945218, "_runtime": 582.1645288467407, "_step": 0, "_wandb": {"runtime": 631}}