{"epoch": 2, "train_loss": 1.8114146708842667, "val_loss": 2.2590795410882443, "val_precision": 0.3380411421553577, "val_recall": 0.5333010414143861, "val_f1": 0.4137931034482759, "val_exact_match": 0.7142857142857143, "_timestamp": 1734178844.5808868, "_runtime": 755.8686187267303, "_step": 1, "_wandb": {"runtime": 755}}