{"epoch": 1, "train_loss": 4.670834394433032, "val_loss": 3.333217586789812, "val_precision": 0.23110272008950422, "val_recall": 0.4377483443708609, "val_f1": 0.30250331792595303, "val_exact_match": 0.5203671830177854, "_timestamp": 1734100262.8855276, "_runtime": 528.6790657043457, "_step": 0, "_wandb": {"runtime": 528}}