{"epoch": 2, "train_loss": 1.750811149582438, "val_loss": 2.3128037410318303, "val_precision": 0.38792953078667364, "val_recall": 0.5386292080406878, "val_f1": 0.45102413303589534, "val_exact_match": 0.7240390131956397, "_timestamp": 1734194913.5849557, "_runtime": 762.189133644104, "_step": 1, "_wandb": {"runtime": 762}}