{"epoch": 2, "train_loss": 1.9186451101780981, "val_loss": 2.5944444865688956, "val_precision": 0.6303763440860215, "val_recall": 0.42948717948717946, "val_f1": 0.5108932461873639, "overprediction_cases": 102, "overprediction_avg_length": 9.588235294117647, "true_avg_length": 3.5588235294117645, "true_positives": 2814, "false_positives": 1650, "false_negatives": 3738, "_timestamp": 1734303021.4123409, "_runtime": 847.5461568832397, "_step": 1, "_wandb": {"runtime": 847}}