{"epoch": 3, "train_loss": 1.2200600698859274, "val_loss": 3.113691502423752, "val_precision": 0.4388053874682803, "val_recall": 0.539735894357743, "val_f1": 0.48406546080964685, "val_exact_match": 0.6500286861732645, "_timestamp": 1734069214.3164036, "_runtime": 1569.745691537857, "_step": 2, "_wandb": {"runtime": 1569}}