{"epoch": 3, "train_loss": 1.1344840961947351, "val_loss": 2.5567390585164413, "val_precision": 0.4395809951365507, "val_recall": 0.5691450714458707, "val_f1": 0.49604221635883905, "val_exact_match": 0.7263339070567987, "_timestamp": 1734137245.6957824, "_runtime": 1109.5107953548431, "_step": 2, "_wandb": {"runtime": 1109}}