{"epoch": 2, "train_loss": 2.0740989027079464, "val_loss": 2.5345980289879195, "val_precision": 0.41897581513756976, "val_recall": 0.529579207920792, "val_f1": 0.46782922429344553, "val_exact_match": 0.6356855995410212, "_timestamp": 1734093234.1528227, "_runtime": 1016.0523097515106, "_step": 1, "_wandb": {"runtime": 1015}}