{"epoch": 2, "train_loss": 1.9206190191796506, "val_loss": 2.635341062236133, "val_precision": 0.43472434915773356, "val_recall": 0.5583968527169905, "val_f1": 0.48886018727801106, "val_exact_match": 0.6437177280550774, "_timestamp": 1734106930.3812006, "_runtime": 1078.2947754859924, "_step": 1, "_wandb": {"runtime": 1078}}