{"epoch": 3, "train_loss": 1.1267752718651431, "val_loss": 2.6076078253089015, "val_precision": 0.43113446901051106, "val_recall": 0.5761685638169048, "val_f1": 0.4932103244531979, "val_exact_match": 0.729776247848537, "_timestamp": 1734138361.0179203, "_runtime": 1105.4924392700195, "_step": 2, "_wandb": {"runtime": 1105}}