{"epoch": 3, "train_loss": 1.0833235408241015, "val_loss": 3.1119744796861273, "val_precision": 0.3786243059839605, "val_recall": 0.5945749576168564, "val_f1": 0.4626401582964289, "val_exact_match": 0.7257601835915088, "_timestamp": 1734200271.2693017, "_runtime": 1164.4922785758972, "_step": 2, "_wandb": {"runtime": 1164}}