{"epoch": 2, "train_loss": 2.0159647988862006, "val_loss": 2.2848464028401807, "val_precision": 0.3261451282858492, "val_recall": 0.5018164204407847, "val_f1": 0.39534439992367865, "val_exact_match": 0.7022375215146299, "_timestamp": 1734201761.0887947, "_runtime": 736.0291798114777, "_step": 1, "_wandb": {"runtime": 735}}