{"epoch": 2, "train_loss": 2.7451302747616824, "val_loss": 2.842988290957042, "val_precision": 0.28548695098663274, "val_recall": 0.4734133790737564, "val_f1": 0.35618206184543605, "val_exact_match": 0.5840504876649455, "_timestamp": 1734053076.8953342, "_runtime": 977.5238883495331, "_step": 1, "_wandb": {"runtime": 977}}