{"epoch": 2, "train_loss": 1.7109682982048855, "val_loss": 2.3380840460453696, "val_precision": 0.414237668161435, "val_recall": 0.5369338822959554, "val_f1": 0.4676721864782196, "val_exact_match": 0.7228915662650602, "_timestamp": 1734213611.774888, "_runtime": 815.4671330451965, "_step": 1, "_wandb": {"runtime": 815}}