{"epoch": 3, "train_loss": 1.1523721091601138, "val_loss": 3.1205261724770343, "val_precision": 0.44554156171284637, "val_recall": 0.5326427366899542, "val_f1": 0.4852142426071213, "val_exact_match": 0.6534710269650029, "_timestamp": 1734095816.1168265, "_runtime": 1575.7941365242004, "_step": 2, "_wandb": {"runtime": 1575}}