{"epoch": 3, "train_loss": 1.1060426113934352, "val_loss": 2.5636382777448916, "val_precision": 0.4303155522163787, "val_recall": 0.5548558973116977, "val_f1": 0.4847138474558341, "val_exact_match": 0.7223178427997705, "_timestamp": 1734156020.975871, "_runtime": 1099.6514601707458, "_step": 2, "_wandb": {"runtime": 1099}}