{"epoch": 2, "train_loss": 1.967420197785876, "val_loss": 2.6095869374213687, "val_precision": 0.4369489846458643, "val_recall": 0.5372716199756394, "val_f1": 0.48194482381862874, "val_exact_match": 0.6454388984509466, "_timestamp": 1734049909.704323, "_runtime": 1098.1877920627594, "_step": 1, "_wandb": {"runtime": 1098}}