{"epoch": 2, "train_loss": 1.9899479741096378, "val_loss": 2.6402180866603184, "val_precision": 0.5909375652537064, "val_recall": 0.43087697929354446, "val_f1": 0.4983710486924364, "overprediction_cases": 113, "overprediction_avg_length": 11.353982300884956, "true_avg_length": 4.008849557522124, "true_positives": 2830, "false_positives": 1959, "false_negatives": 3738, "_timestamp": 1734302890.3758292, "_runtime": 894.5533592700958, "_step": 1, "_wandb": {"runtime": 894}}