{"epoch": 2, "train_loss": 2.005317603308579, "val_loss": 2.275550492243333, "val_precision": 0.33056640625, "val_recall": 0.49188665536449505, "val_f1": 0.3954054317142023, "val_exact_match": 0.7062535857716581, "_timestamp": 1734198352.7553968, "_runtime": 735.5665068626404, "_step": 1, "_wandb": {"runtime": 735}}