{"epoch": 3, "train_loss": 1.1000180309091094, "val_loss": 2.999885088858652, "val_precision": 0.4474120464173881, "val_recall": 0.5882780334221361, "val_f1": 0.5082653274743671, "val_exact_match": 0.7343660355708549, "_timestamp": 1734144130.9933405, "_runtime": 1179.3609495162964, "_step": 2, "_wandb": {"runtime": 1179}}