{"epoch": 1, "train_loss": 4.689000381820503, "val_loss": 3.389640414714813, "val_precision": 0.27100018625442357, "val_recall": 0.3740359897172236, "val_f1": 0.3142888000864025, "val_exact_match": 0.5622489959839357, "_timestamp": 1734057880.0599673, "_runtime": 537.3491673469543, "_step": 0, "_wandb": {"runtime": 537}}