{"epoch": 2, "train_loss": 2.140080826849541, "val_loss": 2.6311286968273033, "val_precision": 0.38341454611081033, "val_recall": 0.5269750713134069, "val_f1": 0.44387568555758683, "val_exact_match": 0.6270797475616753, "_timestamp": 1734041106.706906, "_runtime": 1084.3879880905151, "_step": 1, "_wandb": {"runtime": 1084}}