{"epoch": 3, "train_loss": 1.4336809000749697, "val_loss": 2.3309285209937527, "val_precision": 0.3372025536854324, "val_recall": 0.5628481472511504, "val_f1": 0.4217403139461029, "val_exact_match": 0.7177280550774526, "_timestamp": 1734186678.2233953, "_runtime": 1040.8283784389496, "_step": 2, "_wandb": {"runtime": 1040}}