{"epoch": 2, "train_loss": 1.8468745925303163, "val_loss": 2.280439239644676, "val_precision": 0.3829787234042553, "val_recall": 0.527488496003875, "val_f1": 0.44376528117359415, "val_exact_match": 0.7154331612162937, "_timestamp": 1734125815.3632984, "_runtime": 1036.33403134346, "_step": 1, "_wandb": {"runtime": 1036}}