{"epoch": 2, "train_loss": 1.9284350689115195, "val_loss": 2.260436728325757, "val_precision": 0.33799354739591336, "val_recall": 0.5328166626301768, "val_f1": 0.4136115811242715, "val_exact_match": 0.7102696500286861, "_timestamp": 1734165361.3175745, "_runtime": 729.6492214202881, "_step": 1, "_wandb": {"runtime": 729}}