{"epoch": 3, "train_loss": 1.0507670726929523, "val_loss": 3.0058938180429675, "val_precision": 0.4338301310827797, "val_recall": 0.5851295713247759, "val_f1": 0.49824706124974216, "val_exact_match": 0.7320711417096959, "_timestamp": 1734203757.1002352, "_runtime": 1166.6026482582092, "_step": 2, "_wandb": {"runtime": 1166}}