{"epoch": 2, "train_loss": 2.175175509675872, "val_loss": 2.8343924065721287, "val_precision": 0.4207761890866647, "val_recall": 0.5308626825377347, "val_f1": 0.4694519804666305, "val_exact_match": 0.6494549627079748, "_timestamp": 1734042308.533355, "_runtime": 1193.4635379314423, "_step": 1, "_wandb": {"runtime": 1193}}