{"epoch": 3, "train_loss": 1.4896099900377209, "val_loss": 2.371929904005744, "val_precision": 0.35081089592190207, "val_recall": 0.5395979656091063, "val_f1": 0.4251908396946565, "val_exact_match": 0.7142857142857143, "_timestamp": 1734133766.9723415, "_runtime": 1079.4122486114502, "_step": 2, "_wandb": {"runtime": 1079}}