{"epoch": 2, "train_loss": 2.5704145776814427, "val_loss": 2.744524713073458, "val_precision": 0.2710537276134944, "val_recall": 0.41415298459972, "val_f1": 0.32766085993354144, "val_exact_match": 0.6230636833046471, "_timestamp": 1734223565.6996288, "_runtime": 686.4773387908936, "_step": 1, "_wandb": {"runtime": 686}}