{"epoch": 2, "train_loss": 1.9830842114110085, "val_loss": 2.6941150861083094, "val_precision": 0.5947357426363067, "val_recall": 0.4410534469403563, "val_f1": 0.5064935064935064, "overprediction_cases": 102, "overprediction_avg_length": 11.705882352941176, "true_avg_length": 3.7450980392156863, "true_positives": 2847, "false_positives": 1940, "false_negatives": 3608, "_timestamp": 1734304669.3283377, "_runtime": 845.7353417873383, "_step": 1, "_wandb": {"runtime": 845}}