{"epoch": 2, "train_loss": 1.9907959984498327, "val_loss": 2.5684258827700392, "val_precision": 0.42637669592976857, "val_recall": 0.5308657309650975, "val_f1": 0.47291839557399723, "val_exact_match": 0.6374067699368904, "_timestamp": 1734036508.8023229, "_runtime": 1085.7027459144592, "_step": 1, "_wandb": {"runtime": 1085}}