{"epoch": 2, "train_loss": 2.5703307423098334, "val_loss": 2.764149925538472, "val_precision": 0.3303484207098665, "val_recall": 0.5326158288489303, "val_f1": 0.4077777219514646, "val_exact_match": 0.6029833620195066, "_timestamp": 1734088014.685208, "_runtime": 960.6969180107117, "_step": 1, "_wandb": {"runtime": 960}}