{"epoch": 3, "train_loss": 1.1798212960533712, "val_loss": 2.5244078890787898, "val_precision": 0.3603129231232135, "val_recall": 0.5800435940905788, "val_f1": 0.4445063103192279, "val_exact_match": 0.7188755020080321, "_timestamp": 1734175850.2081687, "_runtime": 1088.0898976325989, "_step": 2, "_wandb": {"runtime": 1087}}