{"epoch": 2, "train_loss": 1.7359292367467891, "val_loss": 2.4581336338508772, "val_precision": 0.42308446012149714, "val_recall": 0.5228868975538872, "val_f1": 0.4677209705372617, "val_exact_match": 0.7183017785427424, "_timestamp": 1734148095.5996287, "_runtime": 820.1818056106567, "_step": 1, "_wandb": {"runtime": 820}}