{"epoch": 2, "train_loss": 1.9955977380960837, "val_loss": 2.280018390579657, "val_precision": 0.3358814352574103, "val_recall": 0.5214337612012594, "val_f1": 0.4085776639149825, "val_exact_match": 0.7091222030981067, "_timestamp": 1734182843.2739556, "_runtime": 727.1628136634827, "_step": 1, "_wandb": {"runtime": 727}}