{"epoch": 2, "train_loss": 1.7411284716992543, "val_loss": 2.2894782489592878, "val_precision": 0.38802037590022836, "val_recall": 0.5349963671591185, "val_f1": 0.4498065567094279, "val_exact_match": 0.7246127366609294, "_timestamp": 1734151877.5162807, "_runtime": 766.9960086345673, "_step": 1, "_wandb": {"runtime": 766}}