{"epoch": 3, "train_loss": 1.1803345406920402, "val_loss": 2.5752019513774353, "val_precision": 0.37421591284252226, "val_recall": 0.5490433519011867, "val_f1": 0.44507705899676053, "val_exact_match": 0.7223178427997705, "_timestamp": 1734188505.0657215, "_runtime": 1078.7411034107208, "_step": 2, "_wandb": {"runtime": 1078}}