{"epoch": 3, "train_loss": 1.0386185119654474, "val_loss": 3.101151006081603, "val_precision": 0.44942357753811824, "val_recall": 0.5853717607168806, "val_f1": 0.5084674450404963, "val_exact_match": 0.7246127366609294, "_timestamp": 1734153841.3034585, "_runtime": 1179.7741694450378, "_step": 2, "_wandb": {"runtime": 1179}}