{"epoch": 3, "train_loss": 1.380574639976858, "val_loss": 3.795586831259318, "val_precision": 0.5100915407521782, "val_recall": 0.5532958487857399, "val_f1": 0.5308160220360382, "val_exact_match": 0.663798049340218, "_timestamp": 1734072032.079141, "_runtime": 1739.323763847351, "_step": 2, "_wandb": {"runtime": 1739}}