{"epoch": 3, "train_loss": 1.3756336474328432, "val_loss": 3.774257329424831, "val_precision": 0.5099286033020973, "val_recall": 0.5758377425044092, "val_f1": 0.5408827357709147, "val_exact_match": 0.6540447504302926, "_timestamp": 1734077265.8098302, "_runtime": 1728.0880761146545, "_step": 2, "_wandb": {"runtime": 1727}}