{"epoch": 1, "train_loss": 3.5468201725813233, "val_loss": 2.688799578964565, "val_precision": 0.3865219988054947, "val_recall": 0.49351804778851044, "val_f1": 0.433515686055599, "val_exact_match": 0.6270797475616753, "_timestamp": 1734084023.7950163, "_runtime": 629.8087604045868, "_step": 0, "_wandb": {"runtime": 629}}