{"epoch": 2, "train_loss": 1.7011252547614277, "val_loss": 2.3596068663488423, "val_precision": 0.4442980805419646, "val_recall": 0.5718091547590216, "val_f1": 0.500052949274595, "val_exact_match": 0.7303499713138267, "_timestamp": 1734161433.7171855, "_runtime": 819.589691400528, "_step": 1, "_wandb": {"runtime": 819}}