{"epoch": 2, "train_loss": 1.9217244546303804, "val_loss": 2.25419738130136, "val_precision": 0.33701483117702746, "val_recall": 0.5173165415354808, "val_f1": 0.4081398681570651, "val_exact_match": 0.7079747561675273, "_timestamp": 1734206803.8834896, "_runtime": 734.892496585846, "_step": 1, "_wandb": {"runtime": 734}}