{"epoch": 2, "train_loss": 1.9722248344063682, "val_loss": 2.632164367431894, "val_precision": 0.6074946466809422, "val_recall": 0.4267448856799037, "val_f1": 0.5013253224951405, "overprediction_cases": 112, "overprediction_avg_length": 9.9375, "true_avg_length": 3.6160714285714284, "true_positives": 2837, "false_positives": 1833, "false_negatives": 3811, "_timestamp": 1734302959.082429, "_runtime": 851.9696269035339, "_step": 1, "_wandb": {"runtime": 851}}