{"epoch": 1, "train_loss": 4.4643787438842075, "val_loss": 3.1091043608529225, "val_precision": 0.26153256704980843, "val_recall": 0.43897106109324757, "val_f1": 0.3277791116446579, "val_exact_match": 0.561675272518646, "_timestamp": 1734033369.868866, "_runtime": 526.4257969856262, "_step": 0, "_wandb": {"runtime": 526}}