{"epoch": 3, "train_loss": 1.4483141569228009, "val_loss": 2.401895740221847, "val_precision": 0.32899372032470514, "val_recall": 0.5202228142407362, "val_f1": 0.40307750046913116, "val_exact_match": 0.7091222030981067, "_timestamp": 1734179895.7933683, "_runtime": 1041.7767143249512, "_step": 2, "_wandb": {"runtime": 1041}}