{"epoch": 3, "train_loss": 1.1089261876547645, "val_loss": 2.570922762155533, "val_precision": 0.36882245271507014, "val_recall": 0.5856139501089852, "val_f1": 0.4525970987365466, "val_exact_match": 0.7292025243832473, "_timestamp": 1734193372.7573245, "_runtime": 1094.0469255447388, "_step": 2, "_wandb": {"runtime": 1093}}