{"epoch": 3, "train_loss": 1.1893581244623261, "val_loss": 3.1620896254397004, "val_precision": 0.4985627595017566, "val_recall": 0.5554501245403867, "val_f1": 0.5254712746858169, "val_exact_match": 0.6563396442914515, "_timestamp": 1734104160.8265817, "_runtime": 1576.3399348258972, "_step": 2, "_wandb": {"runtime": 1576}}