{"epoch": 2, "train_loss": 2.0313605875516645, "val_loss": 3.0486118564302895, "val_precision": 0.45485383617679337, "val_recall": 0.5352195351021366, "val_f1": 0.491774985168006, "val_exact_match": 0.6511761331038439, "_timestamp": 1734057333.7491202, "_runtime": 1190.206068277359, "_step": 1, "_wandb": {"runtime": 1190}}