{"epoch": 2, "train_loss": 2.191220209881342, "val_loss": 2.8261097493934457, "val_precision": 0.4451326520078456, "val_recall": 0.5205214872042492, "val_f1": 0.4798842579711758, "val_exact_match": 0.6419965576592083, "_timestamp": 1734040013.1338954, "_runtime": 1191.5815114974976, "_step": 1, "_wandb": {"runtime": 1191}}