{"epoch": 2, "train_loss": 1.9332587386094013, "val_loss": 2.6706282991420376, "val_precision": 0.5987577639751552, "val_recall": 0.42927118895650884, "val_f1": 0.5000432264199878, "overprediction_cases": 100, "overprediction_avg_length": 11.78, "true_avg_length": 3.94, "true_positives": 2892, "false_positives": 1938, "false_negatives": 3845, "_timestamp": 1734304731.2522216, "_runtime": 845.4055316448212, "_step": 1, "_wandb": {"runtime": 845}}