{"epoch": 2, "train_loss": 2.6818318553354548, "val_loss": 2.8097263276576996, "val_precision": 0.28843093570973904, "val_recall": 0.4775391911474114, "val_f1": 0.3596408552011509, "val_exact_match": 0.5966724039013196, "_timestamp": 1734088987.1941617, "_runtime": 960.9810347557068, "_step": 1, "_wandb": {"runtime": 960}}