{"epoch": 2, "train_loss": 2.7971945943503544, "val_loss": 2.902385664837701, "val_precision": 0.29808340556679186, "val_recall": 0.3939162530227822, "val_f1": 0.3393640350877193, "val_exact_match": 0.6121629374641423, "_timestamp": 1734215815.983071, "_runtime": 693.4199130535126, "_step": 1, "_wandb": {"runtime": 693}}