{"epoch": 2, "train_loss": 2.035054293291351, "val_loss": 2.599865673913048, "val_precision": 0.58625, "val_recall": 0.45284840682330224, "val_f1": 0.5109860177955331, "overprediction_cases": 119, "overprediction_avg_length": 12.058823529411764, "true_avg_length": 4.218487394957983, "true_positives": 2814, "false_positives": 1986, "false_negatives": 3400, "_timestamp": 1734305592.7450056, "_runtime": 891.0340096950531, "_step": 1, "_wandb": {"runtime": 890}}