{"epoch": 2, "train_loss": 1.7014933498046394, "val_loss": 2.3267969000195965, "val_precision": 0.4423076923076923, "val_recall": 0.5291838217486075, "val_f1": 0.4818612856985334, "val_exact_match": 0.7309236947791165, "_timestamp": 1734130516.4737604, "_runtime": 1130.5693583488464, "_step": 1, "_wandb": {"runtime": 1130}}