{"epoch": 2, "train_loss": 1.8241943814374249, "val_loss": 2.2964525962368065, "val_precision": 0.3768508486818346, "val_recall": 0.5054492613223541, "val_f1": 0.4317782145443261, "val_exact_match": 0.7160068846815835, "_timestamp": 1734209419.6317675, "_runtime": 762.2685134410858, "_step": 1, "_wandb": {"runtime": 762}}