{"epoch": 2, "train_loss": 2.0906437976068633, "val_loss": 2.5504139091716995, "val_precision": 0.4047283985364481, "val_recall": 0.5266756195824686, "val_f1": 0.45771883289124665, "val_exact_match": 0.6310958118187033, "_timestamp": 1734045633.7342339, "_runtime": 1019.1901988983154, "_step": 1, "_wandb": {"runtime": 1019}}