{"epoch": 1, "train_loss": 3.735472853806489, "val_loss": 2.729177939850803, "val_precision": 0.3184070796460177, "val_recall": 0.47205457885069535, "val_f1": 0.38029806574357894, "val_exact_match": 0.6041308089500861, "_timestamp": 1734035412.2331867, "_runtime": 585.953774690628, "_step": 0, "_wandb": {"runtime": 585}}