{"epoch": 2, "train_loss": 1.9571056947625916, "val_loss": 2.289625640890815, "val_precision": 0.37048087048087047, "val_recall": 0.5112618067328651, "val_f1": 0.4296326447542485, "val_exact_match": 0.7074010327022375, "_timestamp": 1734156771.2735488, "_runtime": 741.3896908760071, "_step": 1, "_wandb": {"runtime": 741}}