{"epoch": 3, "train_loss": 1.0457425474765276, "val_loss": 3.1353047668214016, "val_precision": 0.4426054458088628, "val_recall": 0.6023250181642044, "val_f1": 0.5102585145670907, "val_exact_match": 0.7378083763625932, "_timestamp": 1734168465.98624, "_runtime": 1157.5174469947815, "_step": 2, "_wandb": {"runtime": 1157}}