{"epoch": 2, "train_loss": 2.0769785428820913, "val_loss": 2.519090843104988, "val_precision": 0.3938223938223938, "val_recall": 0.5125628140703518, "val_f1": 0.44541484716157204, "val_exact_match": 0.6408491107286288, "_timestamp": 1734047700.8766842, "_runtime": 1022.8874502182007, "_step": 1, "_wandb": {"runtime": 1022}}