{"epoch": 2, "train_loss": 1.7766508831000276, "val_loss": 2.4158629946530277, "val_precision": 0.5250436082731124, "val_recall": 0.5102930491644466, "val_f1": 0.5175632522721689, "val_exact_match": 0.7360872059667241, "_timestamp": 1734109400.594256, "_runtime": 1117.9449310302734, "_step": 1}