{"epoch": 3, "train_loss": 1.3209259998937548, "val_loss": 4.076486269297291, "val_precision": 0.48803329864724243, "val_recall": 0.5047835446065535, "val_f1": 0.4962671212744695, "val_exact_match": 0.6609294320137694, "_timestamp": 1734102574.9558737, "_runtime": 1736.6777787208557, "_step": 2, "_wandb": {"runtime": 1736}}