{"epoch": 2, "train_loss": 1.9343844706402782, "val_loss": 2.528504629209296, "val_precision": 0.6289156626506024, "val_recall": 0.46411251212415133, "val_f1": 0.5340898521067808, "overprediction_cases": 103, "overprediction_avg_length": 10.737864077669903, "true_avg_length": 4.475728155339806, "true_positives": 2871, "false_positives": 1694, "false_negatives": 3315, "_timestamp": 1734305586.5201685, "_runtime": 845.824622631073, "_step": 1, "_wandb": {"runtime": 845}}