{"epoch": 2, "train_loss": 2.0245114529954975, "val_loss": 2.3160161728208717, "val_precision": 0.3565587734241908, "val_recall": 0.5069023976749818, "val_f1": 0.4186418641864186, "val_exact_match": 0.6982214572576019, "_timestamp": 1734197606.7658143, "_runtime": 735.2824122905731, "_step": 1, "_wandb": {"runtime": 735}}