{"epoch": 2, "train_loss": 2.0353817797255243, "val_loss": 2.320285512642427, "val_precision": 0.31900826446280994, "val_recall": 0.5141680794381206, "val_f1": 0.3937314540059347, "val_exact_match": 0.7114170969592656, "_timestamp": 1734146071.8073032, "_runtime": 740.8672261238098, "_step": 1, "_wandb": {"runtime": 740}}