{"epoch": 3, "train_loss": 1.1260534407678007, "val_loss": 2.539859887297957, "val_precision": 0.39308492782813026, "val_recall": 0.5672075563090336, "val_f1": 0.46436006741350255, "val_exact_match": 0.7177280550774526, "_timestamp": 1734139475.842754, "_runtime": 1105.8777348995209, "_step": 2, "_wandb": {"runtime": 1105}}