{"epoch": 2, "train_loss": 1.9736182275859788, "val_loss": 2.263108479976654, "val_precision": 0.36142322097378277, "val_recall": 0.5141680794381206, "val_f1": 0.4244726582025392, "val_exact_match": 0.7114170969592656, "_timestamp": 1734180631.3361442, "_runtime": 727.7782742977142, "_step": 1, "_wandb": {"runtime": 727}}