{"epoch": 2, "train_loss": 1.6666446460068398, "val_loss": 2.394171398389367, "val_precision": 0.45875773916516877, "val_recall": 0.5563090336643255, "val_f1": 0.50284588441331, "val_exact_match": 0.729776247848537, "_timestamp": 1734183654.3130503, "_runtime": 803.2850303649902, "_step": 1, "_wandb": {"runtime": 803}}