{"epoch": 2, "train_loss": 1.9286987019681383, "val_loss": 2.278587834401564, "val_precision": 0.388421857088269, "val_recall": 0.4923710341487043, "val_f1": 0.43426252269571713, "val_exact_match": 0.7102696500286861, "_timestamp": 1734206061.3099809, "_runtime": 735.1219608783722, "_step": 1, "_wandb": {"runtime": 735}}