{"epoch": 3, "train_loss": 1.3732719384968315, "val_loss": 2.81114699612927, "val_precision": 0.4161688570290721, "val_recall": 0.5064211291495033, "val_f1": 0.4568805333916276, "val_exact_match": 0.6414228341939185, "_timestamp": 1734090463.4797084, "_runtime": 1465.12406539917, "_step": 2, "_wandb": {"runtime": 1465}}