{"epoch": 3, "train_loss": 1.4315584655294473, "val_loss": 2.376751629330895, "val_precision": 0.3547630220553731, "val_recall": 0.5492855412932913, "val_f1": 0.43109674966736367, "val_exact_match": 0.7114170969592656, "_timestamp": 1734174753.5682685, "_runtime": 1049.439938545227, "_step": 2, "_wandb": {"runtime": 1049}}