{"epoch": 3, "train_loss": 1.3459449782026351, "val_loss": 3.0359164628524913, "val_precision": 0.3653129657228018, "val_recall": 0.49917271223113147, "val_f1": 0.4218792018501587, "val_exact_match": 0.657487091222031, "_timestamp": 1734218793.6197274, "_runtime": 1131.8909113407135, "_step": 2, "_wandb": {"runtime": 1131}}