{"epoch": 1, "train_loss": 4.147461411459693, "val_loss": 2.9380209727720783, "val_precision": 0.3239329989590234, "val_recall": 0.4402572347266881, "val_f1": 0.37324174026823687, "val_exact_match": 0.5949512335054504, "_timestamp": 1734096951.6560338, "_runtime": 533.7370648384094, "_step": 0, "_wandb": {"runtime": 533}}