{"epoch": 3, "train_loss": 1.1594455377819637, "val_loss": 2.4961808987577028, "val_precision": 0.4644376899696049, "val_recall": 0.5550980867038023, "val_f1": 0.5057369814651368, "val_exact_match": 0.729776247848537, "_timestamp": 1734169558.1363475, "_runtime": 1084.6311874389648, "_step": 2, "_wandb": {"runtime": 1084}}