{"epoch": 2, "train_loss": 1.695409421289832, "val_loss": 2.356063619080863, "val_precision": 0.41924839596700275, "val_recall": 0.5538871397432793, "val_f1": 0.4772537562604341, "val_exact_match": 0.7337923121055652, "_timestamp": 1734163809.5837848, "_runtime": 803.7695708274841, "_step": 1, "_wandb": {"runtime": 803}}