{"epoch": 2, "train_loss": 1.946723397504324, "val_loss": 2.2905419593507594, "val_precision": 0.34960310758317853, "val_recall": 0.5013320416565754, "val_f1": 0.4119402985074627, "val_exact_match": 0.708548479632817, "_timestamp": 1734210908.5206075, "_runtime": 736.45751953125, "_step": 1, "_wandb": {"runtime": 736}}