{"epoch": 3, "train_loss": 1.3455724126557458, "val_loss": 3.0686519071032556, "val_precision": 0.3935043779271024, "val_recall": 0.49191803487336133, "val_f1": 0.437241925448272, "val_exact_match": 0.6563396442914515, "_timestamp": 1734216959.746943, "_runtime": 1132.4028220176697, "_step": 2, "_wandb": {"runtime": 1132}}