{"epoch": 2, "train_loss": 2.0532561743039954, "val_loss": 2.684175627981099, "val_precision": 0.5924785572905212, "val_recall": 0.4127470507124253, "val_f1": 0.48654506050207696, "overprediction_cases": 98, "overprediction_avg_length": 10.816326530612244, "true_avg_length": 3.806122448979592, "true_positives": 2694, "false_positives": 1853, "false_negatives": 3833, "_timestamp": 1734304690.5557408, "_runtime": 891.9011387825012, "_step": 1, "_wandb": {"runtime": 891}}