{"epoch": 2, "train_loss": 1.853407075196162, "val_loss": 2.2864484856708334, "val_precision": 0.3804777453170648, "val_recall": 0.5362073141196415, "val_f1": 0.4451145958986731, "val_exact_match": 0.7142857142857143, "_timestamp": 1734142941.0186722, "_runtime": 769.4447531700134, "_step": 1, "_wandb": {"runtime": 769}}