{"epoch": 2, "train_loss": 1.7023713145019679, "val_loss": 2.365723706132502, "val_precision": 0.38948092127878997, "val_recall": 0.5488011625090821, "val_f1": 0.45561475821855835, "val_exact_match": 0.7160068846815835, "_timestamp": 1734157597.8166578, "_runtime": 818.2699718475342, "_step": 1, "_wandb": {"runtime": 818}}