{"epoch": 3, "train_loss": 1.3258281436117216, "val_loss": 2.3576784620908176, "val_precision": 0.39514580059367904, "val_recall": 0.5480745943327682, "val_f1": 0.4592126623376623, "val_exact_match": 0.7200229489386116, "_timestamp": 1734160605.7970963, "_runtime": 1064.04833817482, "_step": 2, "_wandb": {"runtime": 1063}}