{"epoch": 3, "train_loss": 1.044653419087756, "val_loss": 3.1281668274100536, "val_precision": 0.49648324369052543, "val_recall": 0.581254541051102, "val_f1": 0.5355349771281938, "val_exact_match": 0.729776247848537, "_timestamp": 1734178081.7110102, "_runtime": 1156.7222731113434, "_step": 2, "_wandb": {"runtime": 1156}}