{"epoch": 1, "train_loss": 3.639454001377377, "val_loss": 2.6844289051966927, "val_precision": 0.3604501014572957, "val_recall": 0.5105827018552391, "val_f1": 0.42257785467128034, "val_exact_match": 0.6144578313253012, "_timestamp": 1734063069.9938314, "_runtime": 586.0831274986267, "_step": 0, "_wandb": {"runtime": 586}}