{"epoch": 1, "train_loss": 3.343781407057554, "val_loss": 2.4338615710308793, "val_precision": 0.44374546334381804, "val_recall": 0.44417534511988377, "val_f1": 0.4439603001694505, "val_exact_match": 0.7045324153757889, "_timestamp": 1734121665.8390114, "_runtime": 583.6082153320312, "_step": 0, "_wandb": {"runtime": 583}}