{"epoch": 2, "train_loss": 1.931943503536027, "val_loss": 2.243846882473339, "val_precision": 0.34542230818826564, "val_recall": 0.5190118672802131, "val_f1": 0.414787573792703, "val_exact_match": 0.7079747561675273, "_timestamp": 1734162184.3013518, "_runtime": 743.1310238838196, "_step": 1, "_wandb": {"runtime": 743}}