{"epoch": 1, "train_loss": 4.282158989193796, "val_loss": 3.0471554452722724, "val_precision": 0.23638069124756475, "val_recall": 0.4413309982486865, "val_f1": 0.30786580208627007, "val_exact_match": 0.5685599541021228, "_timestamp": 1734034817.2565646, "_runtime": 538.5410187244415, "_step": 0, "_wandb": {"runtime": 538}}