{"epoch": 2, "train_loss": 1.7353075010707366, "val_loss": 2.425140087979786, "val_precision": 0.43469971401334606, "val_recall": 0.5521918139985469, "val_f1": 0.48645188820140817, "val_exact_match": 0.7154331612162937, "_timestamp": 1734204576.1594455, "_runtime": 811.0363094806671, "_step": 1, "_wandb": {"runtime": 810}}