{"epoch": 1, "train_loss": 3.5353792870410286, "val_loss": 2.6542521891335813, "val_precision": 0.39072265625, "val_recall": 0.49529586531319636, "val_f1": 0.43683808276012664, "val_exact_match": 0.6310958118187033, "_timestamp": 1734061927.5447702, "_runtime": 639.9122853279114, "_step": 0, "_wandb": {"runtime": 639}}