{"epoch": 2, "train_loss": 1.9662650968519018, "val_loss": 2.6347675775904036, "val_precision": 0.44356376040935086, "val_recall": 0.550766164195839, "val_f1": 0.49138601756140937, "val_exact_match": 0.6523235800344234, "_timestamp": 1734048797.9359195, "_runtime": 1085.6635825634003, "_step": 1, "_wandb": {"runtime": 1085}}