{"epoch": 3, "train_loss": 1.1237003698769754, "val_loss": 2.965086559284427, "val_precision": 0.5018891687657431, "val_recall": 0.5790748365221603, "val_f1": 0.5377263015855167, "val_exact_match": 0.7383820998278829, "_timestamp": 1734196091.0063176, "_runtime": 1168.548520565033, "_step": 2, "_wandb": {"runtime": 1168}}