{"epoch": 2, "train_loss": 1.9719556827368732, "val_loss": 2.5411420201011206, "val_precision": 0.6302173913043478, "val_recall": 0.4678070033887365, "val_f1": 0.537001018801519, "overprediction_cases": 113, "overprediction_avg_length": 10.495575221238939, "true_avg_length": 4.017699115044247, "true_positives": 2899, "false_positives": 1701, "false_negatives": 3298, "_timestamp": 1734305523.9842308, "_runtime": 845.9735577106476, "_step": 1, "_wandb": {"runtime": 845}}