{"epoch": 2, "train_loss": 2.721208191192013, "val_loss": 2.7829417288303375, "val_precision": 0.3176559356136821, "val_recall": 0.4935521688159437, "val_f1": 0.38653404743687836, "val_exact_match": 0.5857716580608147, "_timestamp": 1734056135.230517, "_runtime": 976.2024109363556, "_step": 1, "_wandb": {"runtime": 976}}