{"epoch": 2, "train_loss": 1.7388786775884273, "val_loss": 2.399285981743468, "val_precision": 0.4091417910447761, "val_recall": 0.5311213368854444, "val_f1": 0.4622194119506797, "val_exact_match": 0.7269076305220884, "_timestamp": 1734162996.5232296, "_runtime": 805.0607106685638, "_step": 1, "_wandb": {"runtime": 804}}