{"epoch": 2, "train_loss": 1.8325502747263032, "val_loss": 2.2435220184676146, "val_precision": 0.37386934673366834, "val_recall": 0.5405667231775249, "val_f1": 0.44202396276859096, "val_exact_match": 0.7079747561675273, "_timestamp": 1734123754.0655766, "_runtime": 1036.2878036499023, "_step": 1, "_wandb": {"runtime": 1036}}