{"epoch": 2, "train_loss": 2.6472208642411506, "val_loss": 2.8266301410538808, "val_precision": 0.2768183751595066, "val_recall": 0.41415298459972, "val_f1": 0.33183765041811136, "val_exact_match": 0.6219162363740677, "_timestamp": 1734217654.319261, "_runtime": 686.5218260288239, "_step": 1, "_wandb": {"runtime": 686}}