{"epoch": 2, "train_loss": 1.9168949547170222, "val_loss": 2.23771070133556, "val_precision": 0.3305351521511018, "val_recall": 0.5340276095907, "val_f1": 0.4083333333333334, "val_exact_match": 0.7022375215146299, "_timestamp": 1734121073.193835, "_runtime": 1004.4180150032043, "_step": 1, "_wandb": {"runtime": 1004}}