{"epoch": 2, "train_loss": 1.7419200080323793, "val_loss": 2.344232784567076, "val_precision": 0.40606831395348836, "val_recall": 0.5412932913538387, "val_f1": 0.4640298972282778, "val_exact_match": 0.7257601835915088, "_timestamp": 1734148922.4889972, "_runtime": 816.4497373104095, "_step": 1, "_wandb": {"runtime": 816}}