{"epoch": 2, "train_loss": 1.873469383218165, "val_loss": 2.3219723372694547, "val_precision": 0.3614358636588177, "val_recall": 0.5316057156696536, "val_f1": 0.43030778278768866, "val_exact_match": 0.7119908204245554, "_timestamp": 1734214387.6747868, "_runtime": 765.9741158485413, "_step": 1}