{"epoch": 2, "train_loss": 2.8890095924508983, "val_loss": 2.9985651757035936, "val_precision": 0.292862203329791, "val_recall": 0.42089856179203256, "val_f1": 0.3453966264556895, "val_exact_match": 0.6041308089500861, "_timestamp": 1734229672.5879283, "_runtime": 686.5563821792603, "_step": 1, "_wandb": {"runtime": 686}}