{"epoch": 2, "train_loss": 1.9603569226018314, "val_loss": 2.306713861768896, "val_precision": 0.3876374121463327, "val_recall": 0.5209493824170501, "val_f1": 0.44451332920024805, "val_exact_match": 0.7102696500286861, "_timestamp": 1734135368.607763, "_runtime": 752.1376481056213, "_step": 1, "_wandb": {"runtime": 751}}