{"epoch": 3, "train_loss": 1.856926636586244, "val_loss": 2.7071662651641026, "val_precision": 0.34673869547819125, "val_recall": 0.44113529336897034, "val_f1": 0.3882820814428948, "val_exact_match": 0.6454388984509466, "_timestamp": 1734227833.6577582, "_runtime": 979.70703125, "_step": 2, "_wandb": {"runtime": 979}}