{"epoch": 2, "train_loss": 1.9607601165814268, "val_loss": 2.540180468547303, "val_precision": 0.4190304525187364, "val_recall": 0.5438985346632188, "val_f1": 0.47336834208552137, "val_exact_match": 0.6448651749856569, "_timestamp": 1734037601.7560148, "_runtime": 1084.9276278018951, "_step": 1, "_wandb": {"runtime": 1084}}