{"epoch": 3, "train_loss": 1.4208220963505493, "val_loss": 2.3685898062857715, "val_precision": 0.3574660633484163, "val_recall": 0.5357229353354324, "val_f1": 0.428806823689057, "val_exact_match": 0.7125645438898451, "_timestamp": 1734173695.1891327, "_runtime": 1049.113629579544, "_step": 2, "_wandb": {"runtime": 1048}}