{"epoch": 3, "train_loss": 1.446535925652789, "val_loss": 2.3754244525324215, "val_precision": 0.3205721497686159, "val_recall": 0.5536449503511747, "val_f1": 0.4060390763765542, "val_exact_match": 0.7108433734939759, "_timestamp": 1734154913.099371, "_runtime": 1061.8105549812317, "_step": 2, "_wandb": {"runtime": 1061}}