{"epoch": 2, "train_loss": 2.0158378858675903, "val_loss": 2.280555968392979, "val_precision": 0.3168238993710692, "val_recall": 0.488011625090821, "val_f1": 0.3842120316522071, "val_exact_match": 0.7108433734939759, "_timestamp": 1734181366.5128248, "_runtime": 727.8364946842194, "_step": 1, "_wandb": {"runtime": 727}}