{"epoch": 1, "train_loss": 4.695334321603008, "val_loss": 3.2745416121823445, "val_precision": 0.21705371135489385, "val_recall": 0.3975212002609263, "val_f1": 0.2807906741003548, "val_exact_match": 0.5421686746987951, "_timestamp": 1734070281.5042558, "_runtime": 525.3966476917267, "_step": 0, "_wandb": {"runtime": 525}}