{"epoch": 2, "train_loss": 1.6869981401862213, "val_loss": 2.4110507652197684, "val_precision": 0.42565652748913657, "val_recall": 0.545652700411722, "val_f1": 0.4782424113776268, "val_exact_match": 0.7257601835915088, "_timestamp": 1734142164.4517224, "_runtime": 823.1779983043671, "_step": 1, "_wandb": {"runtime": 823}}