{"epoch": 2, "train_loss": 1.9910314655294543, "val_loss": 2.6014184759365855, "val_precision": 0.602803738317757, "val_recall": 0.4506908051453073, "val_f1": 0.5157655611085871, "overprediction_cases": 114, "overprediction_avg_length": 10.271929824561404, "true_avg_length": 3.5789473684210527, "true_positives": 2838, "false_positives": 1870, "false_negatives": 3459, "_timestamp": 1734306380.4843824, "_runtime": 846.9440903663635, "_step": 1, "_wandb": {"runtime": 846}}