{"epoch": 2, "train_loss": 1.7306869487749177, "val_loss": 2.386998997595366, "val_precision": 0.4022867194371152, "val_recall": 0.5538871397432793, "val_f1": 0.4660688811901365, "val_exact_match": 0.72346528973035, "_timestamp": 1734158423.9742942, "_runtime": 817.7228713035583, "_step": 1, "_wandb": {"runtime": 817}}