{"epoch": 1, "train_loss": 3.552765879229229, "val_loss": 2.5897212679574797, "val_precision": 0.37000366703337, "val_recall": 0.4966773320206744, "val_f1": 0.4240832195019439, "val_exact_match": 0.6219162363740677, "_timestamp": 1734031087.577676, "_runtime": 580.6776821613312, "_step": 0, "_wandb": {"runtime": 580}}