{"epoch": 3, "train_loss": 1.1347665909078273, "val_loss": 2.5149453750922595, "val_precision": 0.4381338742393509, "val_recall": 0.575441995640591, "val_f1": 0.4974874371859297, "val_exact_match": 0.72346528973035, "_timestamp": 1734190360.8178713, "_runtime": 1080.7792913913727, "_step": 2, "_wandb": {"runtime": 1080}}