{"epoch": 2, "train_loss": 1.983814486484418, "val_loss": 2.3094117197123443, "val_precision": 0.3351431391905232, "val_recall": 0.4933397917171228, "val_f1": 0.3991378465758793, "val_exact_match": 0.7068273092369478, "_timestamp": 1734210163.2633994, "_runtime": 735.0637254714966, "_step": 1, "_wandb": {"runtime": 734}}