{"epoch": 2, "train_loss": 1.9179906054733344, "val_loss": 2.611091103473114, "val_precision": 0.6132198952879581, "val_recall": 0.45707317073170733, "val_f1": 0.52375628842929, "overprediction_cases": 116, "overprediction_avg_length": 10.551724137931034, "true_avg_length": 3.5517241379310347, "true_positives": 2811, "false_positives": 1773, "false_negatives": 3339, "_timestamp": 1734303876.8524022, "_runtime": 846.3527281284332, "_step": 1, "_wandb": {"runtime": 846}}