{"epoch": 3, "train_loss": 1.3264640719383614, "val_loss": 2.389925357292999, "val_precision": 0.38639824056843175, "val_recall": 0.5531605715669654, "val_f1": 0.4549800796812749, "val_exact_match": 0.7154331612162937, "_timestamp": 1734176916.0149937, "_runtime": 1049.5409407615662, "_step": 2, "_wandb": {"runtime": 1049}}