{"epoch": 2, "train_loss": 2.2910554168553188, "val_loss": 2.587921923940832, "val_precision": 0.3458284956045779, "val_recall": 0.5431809300508011, "val_f1": 0.42259944261464405, "val_exact_match": 0.6207687894434882, "_timestamp": 1734094229.7340431, "_runtime": 983.014356136322, "_step": 1, "_wandb": {"runtime": 982}}