{"epoch": 2, "train_loss": 1.7135262323093825, "val_loss": 2.259802464703354, "val_precision": 0.3564597179445615, "val_recall": 0.5325744732380722, "val_f1": 0.4270732181006021, "val_exact_match": 0.7200229489386116, "_timestamp": 1734194143.2505705, "_runtime": 761.4104855060577, "_step": 1, "_wandb": {"runtime": 761}}