{"epoch": 3, "train_loss": 1.1594096317095146, "val_loss": 2.650898707535015, "val_precision": 0.41903898458748867, "val_recall": 0.5596996851537903, "val_f1": 0.4792617171298217, "val_exact_match": 0.7211703958691911, "_timestamp": 1734207905.604199, "_runtime": 1091.8516838550568, "_step": 2, "_wandb": {"runtime": 1091}}