{"epoch": 3, "train_loss": 1.2705580690640144, "val_loss": 2.4296445830301807, "val_precision": 0.3978950942115091, "val_recall": 0.5676919350932429, "val_f1": 0.46786427145708587, "val_exact_match": 0.7183017785427424, "_timestamp": 1734149994.543827, "_runtime": 1062.535521030426, "_step": 2, "_wandb": {"runtime": 1062}}