{"epoch": 3, "train_loss": 1.2205704095112409, "val_loss": 3.175160757893987, "val_precision": 0.43893256560735244, "val_recall": 0.5045182639684358, "val_f1": 0.46944576030317386, "val_exact_match": 0.6666666666666666, "_timestamp": 1734226836.5886426, "_runtime": 1131.2977457046509, "_step": 2, "_wandb": {"runtime": 1131}}