{"epoch": 3, "train_loss": 1.341185448656956, "val_loss": 3.9867189911668017, "val_precision": 0.46241092040550036, "val_recall": 0.5449491365034304, "val_f1": 0.5002986371287398, "val_exact_match": 0.6511761331038439, "_timestamp": 1734092205.5966506, "_runtime": 1724.189332485199, "_step": 2, "_wandb": {"runtime": 1724}}