{"epoch": 2, "train_loss": 2.6184907186990496, "val_loss": 2.8241560075964247, "val_precision": 0.30567508321831616, "val_recall": 0.4888975457732762, "val_f1": 0.3761614546907783, "val_exact_match": 0.5823293172690763, "_timestamp": 1734084993.3905437, "_runtime": 961.141482591629, "_step": 1, "_wandb": {"runtime": 961}}