{"epoch": 1, "train_loss": 3.965881802015458, "val_loss": 2.881320140503962, "val_precision": 0.3044675905999828, "val_recall": 0.4782314764737696, "val_f1": 0.3720612212696577, "val_exact_match": 0.6029833620195066, "_timestamp": 1734067466.1131978, "_runtime": 585.2566866874695, "_step": 0, "_wandb": {"runtime": 585}}