{"epoch": 3, "train_loss": 1.2965245821577143, "val_loss": 3.0918920336658595, "val_precision": 0.3877449020391843, "val_recall": 0.4936998854524628, "val_f1": 0.4343541794972286, "val_exact_match": 0.6586345381526104, "_timestamp": 1734219934.8823795, "_runtime": 1130.5642235279083, "_step": 2, "_wandb": {"runtime": 1130}}