{"epoch": 3, "train_loss": 1.2372543126159645, "val_loss": 3.1717248731057817, "val_precision": 0.4114685926898665, "val_recall": 0.47855415553010056, "val_f1": 0.4424830832597823, "val_exact_match": 0.6620768789443489, "_timestamp": 1734225693.340619, "_runtime": 1132.9841010570526, "_step": 2, "_wandb": {"runtime": 1132}}