{"epoch": 2, "train_loss": 1.6907810731860542, "val_loss": 2.35960858090943, "val_precision": 0.4556806550665302, "val_recall": 0.5391135868248971, "val_f1": 0.4938983802973153, "val_exact_match": 0.7292025243832473, "_timestamp": 1734202582.6384542, "_runtime": 812.7955422401428, "_step": 1, "_wandb": {"runtime": 812}}