{"epoch": 3, "train_loss": 1.4197404131059514, "val_loss": 3.854525924111498, "val_precision": 0.5116857822982038, "val_recall": 0.5625074342809564, "val_f1": 0.5358943849509887, "val_exact_match": 0.6712564543889845, "_timestamp": 1734073782.0099795, "_runtime": 1738.1274225711823, "_step": 2, "_wandb": {"runtime": 1737}}