{"epoch": 3, "train_loss": 1.2173959169065816, "val_loss": 2.52244945706099, "val_precision": 0.3935907970419063, "val_recall": 0.5800435940905788, "val_f1": 0.4689641668298413, "val_exact_match": 0.7154331612162937, "_timestamp": 1734171817.3754447, "_runtime": 1084.9334197044373, "_step": 2, "_wandb": {"runtime": 1084}}