{"epoch": 3, "train_loss": 1.6497704838199176, "val_loss": 2.63880644494837, "val_precision": 0.40533611849601214, "val_recall": 0.532825761357963, "val_f1": 0.46041846419327004, "val_exact_match": 0.6368330464716007, "_timestamp": 1734083384.8370802, "_runtime": 1418.3978493213654, "_step": 2, "_wandb": {"runtime": 1418}}