{"epoch": 2, "train_loss": 2.0141759698516912, "val_loss": 2.635994525318709, "val_precision": 0.5996962464742894, "val_recall": 0.44906580016246955, "val_f1": 0.5135637309550354, "overprediction_cases": 105, "overprediction_avg_length": 11.114285714285714, "true_avg_length": 3.876190476190476, "true_positives": 2764, "false_positives": 1845, "false_negatives": 3391, "_timestamp": 1734303792.3302977, "_runtime": 894.4314796924591, "_step": 1, "_wandb": {"runtime": 894}}