{"epoch": 1, "train_loss": 4.576519535875868, "val_loss": 3.101372276033674, "val_precision": 0.23629809460751858, "val_recall": 0.4157390629044784, "val_f1": 0.30132745438341385, "val_exact_match": 0.5651176133103843, "_timestamp": 1734052088.359945, "_runtime": 531.1320641040802, "_step": 0, "_wandb": {"runtime": 531}}