{"epoch": 2, "train_loss": 2.665700249151252, "val_loss": 2.8586746833541175, "val_precision": 0.2791973663583634, "val_recall": 0.46104064198809214, "val_f1": 0.34778363600859213, "val_exact_match": 0.5932300631095812, "_timestamp": 1734064072.8335552, "_runtime": 991.1611211299896, "_step": 1, "_wandb": {"runtime": 991}}