{"epoch": 1, "train_loss": 3.5800454784403954, "val_loss": 2.648933849921194, "val_precision": 0.40447242726877985, "val_recall": 0.47763107293936674, "val_f1": 0.438017986245812, "val_exact_match": 0.6190476190476191, "_timestamp": 1734105840.6736846, "_runtime": 582.2777705192566, "_step": 0, "_wandb": {"runtime": 582}}