{"epoch": 2, "train_loss": 2.5093960904526984, "val_loss": 2.656013954963003, "val_precision": 0.315679666185203, "val_recall": 0.5117731234551841, "val_f1": 0.39049084321802563, "val_exact_match": 0.6087205966724039, "_timestamp": 1734085965.4716802, "_runtime": 961.6826860904694, "_step": 1, "_wandb": {"runtime": 961}}