{"epoch": 2, "train_loss": 1.9703526245451521, "val_loss": 2.22417261085727, "val_precision": 0.3780357142857143, "val_recall": 0.5127149430854928, "val_f1": 0.4351937506424093, "val_exact_match": 0.7142857142857143, "_timestamp": 1734128927.3818996, "_runtime": 1004.8722414970398, "_step": 1}