{"epoch": 2, "train_loss": 2.0160793595941278, "val_loss": 3.0000702836092854, "val_precision": 0.4319017218030567, "val_recall": 0.5461105675146771, "val_f1": 0.4823376903964567, "val_exact_match": 0.6546184738955824, "_timestamp": 1734081955.6375256, "_runtime": 1180.1615045070648, "_step": 1, "_wandb": {"runtime": 1180}}