{"epoch": 3, "train_loss": 1.0871751772132756, "val_loss": 2.589924103332632, "val_precision": 0.3553693830921554, "val_recall": 0.5650278517800921, "val_f1": 0.4363194314568918, "val_exact_match": 0.7194492254733219, "_timestamp": 1734192271.253323, "_runtime": 1082.1513509750366, "_step": 2, "_wandb": {"runtime": 1081}}