{"epoch": 2, "train_loss": 2.083430574104022, "val_loss": 2.884122047329817, "val_precision": 0.4348234410217881, "val_recall": 0.5616205725376031, "val_f1": 0.4901545627778954, "val_exact_match": 0.6454388984509466, "_timestamp": 1734060176.0291584, "_runtime": 1191.5071742534637, "_step": 1, "_wandb": {"runtime": 1191}}