{"epoch": 2, "train_loss": 2.230812667978221, "val_loss": 2.3677044957876205, "val_precision": 0.3358050847457627, "val_recall": 0.4606442237829983, "val_f1": 0.38844072296538346, "val_exact_match": 0.6947791164658634, "_timestamp": 1734120057.8936489, "_runtime": 997.4162278175354, "_step": 1, "_wandb": {"runtime": 997}}