{"epoch": 2, "train_loss": 1.8345417689232306, "val_loss": 2.2522646419772316, "val_precision": 0.39069931301743877, "val_recall": 0.53717607168806, "val_f1": 0.4523760962675913, "val_exact_match": 0.7183017785427424, "_timestamp": 1734127915.163007, "_runtime": 1035.686427116394, "_step": 1, "_wandb": {"runtime": 1035}}