{"epoch": 1, "train_loss": 3.758457826479354, "val_loss": 2.7117709604972, "val_precision": 0.35715641609719057, "val_recall": 0.4832412996019006, "val_f1": 0.4107405992468482, "val_exact_match": 0.6098680436029834, "_timestamp": 1734100825.4626358, "_runtime": 549.3607387542725, "_step": 0, "_wandb": {"runtime": 549}}