{"epoch": 2, "train_loss": 1.9471560537124155, "val_loss": 2.616117815982653, "val_precision": 0.6105449712007089, "val_recall": 0.4576552640318831, "val_f1": 0.5231586940015186, "overprediction_cases": 106, "overprediction_avg_length": 10.820754716981131, "true_avg_length": 3.858490566037736, "true_positives": 2756, "false_positives": 1758, "false_negatives": 3266, "_timestamp": 1734303814.8452456, "_runtime": 846.939133644104, "_step": 1, "_wandb": {"runtime": 846}}