{"epoch": 2, "train_loss": 2.086933756203298, "val_loss": 2.566824849524082, "val_precision": 0.40820692337611825, "val_recall": 0.5221393034825871, "val_f1": 0.4581969002401223, "val_exact_match": 0.6351118760757315, "_timestamp": 1734046665.6876662, "_runtime": 1022.599109172821, "_step": 1, "_wandb": {"runtime": 1022}}