{"epoch": 3, "train_loss": 1.2200031518193346, "val_loss": 3.1532846426029493, "val_precision": 0.4280335628227194, "val_recall": 0.5064273895889017, "val_f1": 0.46394216755086576, "val_exact_match": 0.6672403901319564, "_timestamp": 1734234778.366865, "_runtime": 1130.0258178710938, "_step": 2, "_wandb": {"runtime": 1129}}