{"epoch": 2, "train_loss": 2.0023995468048135, "val_loss": 2.9779485915922357, "val_precision": 0.4601639688879546, "val_recall": 0.5371120107962213, "val_f1": 0.4956694027738465, "val_exact_match": 0.6563396442914515, "_timestamp": 1734065278.6261456, "_runtime": 1194.481951713562, "_step": 1, "_wandb": {"runtime": 1194}}