{"epoch": 2, "train_loss": 2.0279354542748376, "val_loss": 2.607100320800524, "val_precision": 0.6041315345699831, "val_recall": 0.44112667384946896, "val_f1": 0.5099190463481896, "overprediction_cases": 109, "overprediction_avg_length": 9.954128440366972, "true_avg_length": 3.743119266055046, "true_positives": 2866, "false_positives": 1878, "false_negatives": 3631, "_timestamp": 1734306493.0867887, "_runtime": 890.6582107543945, "_step": 1, "_wandb": {"runtime": 890}}