{"epoch": 3, "train_loss": 1.0542917142012664, "val_loss": 3.060418098964173, "val_precision": 0.40598862495818, "val_recall": 0.5877936546379269, "val_f1": 0.4802612051053725, "val_exact_match": 0.7303499713138267, "_timestamp": 1734185628.7306728, "_runtime": 1155.7755808830261, "_step": 2, "_wandb": {"runtime": 1155}}