{"epoch": 1, "train_loss": 4.884108475432999, "val_loss": 3.4385819051946913, "val_precision": 0.23442827442827444, "val_recall": 0.3508400746733043, "val_f1": 0.2810568295114656, "val_exact_match": 0.5576592082616179, "_timestamp": 1734053616.658328, "_runtime": 530.7587370872498, "_step": 0, "_wandb": {"runtime": 530}}