{"epoch": 2, "train_loss": 2.168728822195667, "val_loss": 2.595293705029921, "val_precision": 0.4132354400238119, "val_recall": 0.532813099654599, "val_f1": 0.46546714349575324, "val_exact_match": 0.6161790017211703, "_timestamp": 1734107921.7320712, "_runtime": 980.593070268631, "_step": 1, "_wandb": {"runtime": 980}}