{"epoch": 2, "train_loss": 1.9566754993279107, "val_loss": 2.618368713826009, "val_precision": 0.42083692838654013, "val_recall": 0.4966272114038437, "val_f1": 0.4556016113024695, "val_exact_match": 0.6511761331038439, "_timestamp": 1734222867.9461913, "_runtime": 788.8040041923523, "_step": 1, "_wandb": {"runtime": 788}}