{"epoch": 1, "train_loss": 5.335304350688539, "val_loss": 3.8411166880811964, "val_precision": 0.18794137747740908, "val_recall": 0.3113990941117262, "val_f1": 0.23440829663304447, "val_exact_match": 0.5065978198508319, "_timestamp": 1734066870.0235505, "_runtime": 530.8896534442902, "_step": 0, "_wandb": {"runtime": 530}}