{"epoch": 2, "train_loss": 1.9794530119910567, "val_loss": 2.557988534297008, "val_precision": 0.39911093931194436, "val_recall": 0.5131709741550696, "val_f1": 0.44901065449010663, "val_exact_match": 0.6414228341939185, "_timestamp": 1734061278.0466447, "_runtime": 1083.6047587394714, "_step": 1, "_wandb": {"runtime": 1083}}