{"epoch": 3, "train_loss": 1.3797508843594348, "val_loss": 3.8867683356797107, "val_precision": 0.4794877360538311, "val_recall": 0.5323532955777804, "val_f1": 0.5045394849540341, "val_exact_match": 0.6517498565691336, "_timestamp": 1734080764.9085283, "_runtime": 1735.9755272865295, "_step": 2, "_wandb": {"runtime": 1735}}