{"epoch": 3, "train_loss": 1.0625943449847721, "val_loss": 3.1271417595898954, "val_precision": 0.3851526965562053, "val_recall": 0.5742310486800678, "val_f1": 0.46105979581915413, "val_exact_match": 0.7142857142857143, "_timestamp": 1734166534.4461756, "_runtime": 1156.643093585968, "_step": 2, "_wandb": {"runtime": 1156}}