{"epoch": 2, "train_loss": 1.6671436744078394, "val_loss": 2.395066966443673, "val_precision": 0.5219318712085861, "val_recall": 0.541777670138048, "val_f1": 0.5316696375519906, "val_exact_match": 0.7343660355708549, "_timestamp": 1734184465.7638514, "_runtime": 803.6757493019104, "_step": 1, "_wandb": {"runtime": 803}}