{"epoch": 1, "train_loss": 4.795571673601523, "val_loss": 3.309873423406056, "val_precision": 0.21334407499633806, "val_recall": 0.3950366151342555, "val_f1": 0.27705915921628305, "val_exact_match": 0.5312679288582903, "_timestamp": 1734050452.2844546, "_runtime": 530.2917945384979, "_step": 0, "_wandb": {"runtime": 530}}