{"epoch": 2, "train_loss": 1.947439137234441, "val_loss": 2.6104528365844706, "val_precision": 0.36520937851950447, "val_recall": 0.4539900725467736, "val_f1": 0.4047889241942805, "val_exact_match": 0.663798049340218, "_timestamp": 1734236368.3358247, "_runtime": 785.9717588424683, "_step": 1, "_wandb": {"runtime": 785}}