{"epoch": 3, "train_loss": 1.9898591100484475, "val_loss": 2.7255691630499705, "val_precision": 0.31290263206331675, "val_recall": 0.4327351406389207, "val_f1": 0.3631896597767452, "val_exact_match": 0.6310958118187033, "_timestamp": 1734233638.030407, "_runtime": 977.2396988868713, "_step": 2, "_wandb": {"runtime": 977}}