{"epoch": 1, "train_loss": 4.169618235648364, "val_loss": 2.9572973121296275, "val_precision": 0.2574444848926101, "val_recall": 0.4498727735368957, "val_f1": 0.3274832137068766, "val_exact_match": 0.5880665519219737, "_timestamp": 1734097502.9870837, "_runtime": 533.1765606403351, "_step": 0, "_wandb": {"runtime": 533}}