{"epoch": 2, "train_loss": 1.7844744784564808, "val_loss": 2.30690840659065, "val_precision": 0.39273131837567216, "val_recall": 0.5129571324775974, "val_f1": 0.4448645242596093, "val_exact_match": 0.7154331612162937, "_timestamp": 1734196863.6189404, "_runtime": 762.0398173332214, "_step": 1, "_wandb": {"runtime": 761}}