{"epoch": 1, "train_loss": 3.9679946924313505, "val_loss": 2.7573958932669886, "val_precision": 0.31400707319687066, "val_recall": 0.3729158711976581, "val_f1": 0.34093553642075863, "val_exact_match": 0.6219162363740677, "_timestamp": 1734215027.7836566, "_runtime": 418.16680669784546, "_step": 0}