{"epoch": 3, "train_loss": 1.3296583828509385, "val_loss": 3.8049514333000207, "val_precision": 0.4725825471698113, "val_recall": 0.5702596940590537, "val_f1": 0.5168466870868934, "val_exact_match": 0.6592082616179001, "_timestamp": 1734075528.6329763, "_runtime": 1737.3952813148499, "_step": 2, "_wandb": {"runtime": 1737}}