{"epoch": 3, "train_loss": 1.112365143521737, "val_loss": 2.9838827910572463, "val_precision": 0.43789664551223934, "val_recall": 0.5848873819326713, "val_f1": 0.5008295313148071, "val_exact_match": 0.7314974182444062, "_timestamp": 1734132678.937507, "_runtime": 1201.210436820984, "_step": 2, "_wandb": {"runtime": 1201}}