{"epoch": 1, "train_loss": 3.6396566695637174, "val_loss": 2.6447130985421325, "val_precision": 0.31672039731637186, "val_recall": 0.47373908510361007, "val_f1": 0.3796344647519582, "val_exact_match": 0.6029833620195066, "_timestamp": 1734096405.298994, "_runtime": 580.8788740634918, "_step": 0, "_wandb": {"runtime": 580}}