{"epoch": 3, "train_loss": 1.098066965374967, "val_loss": 2.5681396756287014, "val_precision": 0.38407570566160876, "val_recall": 0.5701138290142892, "val_f1": 0.45895886137648667, "val_exact_match": 0.7251864601262191, "_timestamp": 1734151103.0735025, "_runtime": 1101.052271604538, "_step": 2, "_wandb": {"runtime": 1100}}