{"epoch": 3, "train_loss": 1.3026226926382396, "val_loss": 3.135398996347741, "val_precision": 0.38488843813387424, "val_recall": 0.48300878197785413, "val_f1": 0.42840209967827514, "val_exact_match": 0.6563396442914515, "_timestamp": 1734230813.8601844, "_runtime": 1133.2271234989166, "_step": 2, "_wandb": {"runtime": 1133}}