{"epoch": 2, "train_loss": 2.1831379644272086, "val_loss": 2.953707764080593, "val_precision": 0.41063024822367816, "val_recall": 0.5395247332686712, "val_f1": 0.4663348179198324, "val_exact_match": 0.6431440045897877, "_timestamp": 1734043512.7789314, "_runtime": 1192.9759442806244, "_step": 1, "_wandb": {"runtime": 1192}}