{"epoch": 3, "train_loss": 1.9453442820187272, "val_loss": 2.6881256316389357, "val_precision": 0.33125911521633444, "val_recall": 0.4336260659284714, "val_f1": 0.3755925476794179, "val_exact_match": 0.6414228341939185, "_timestamp": 1734222068.1097727, "_runtime": 981.0861186981201, "_step": 2, "_wandb": {"runtime": 980}}