{"epoch": 2, "train_loss": 1.9762191434016172, "val_loss": 2.2973986858671362, "val_precision": 0.3696128560993426, "val_recall": 0.49019132961976264, "val_f1": 0.42144716293597084, "val_exact_match": 0.7108433734939759, "_timestamp": 1734205319.8746688, "_runtime": 734.5555438995361, "_step": 1, "_wandb": {"runtime": 734}}