{"epoch": 3, "train_loss": 1.3077511130112853, "val_loss": 3.059110342426687, "val_precision": 0.3972630511910796, "val_recall": 0.4987908871070383, "val_f1": 0.4422751382462476, "val_exact_match": 0.6563396442914515, "_timestamp": 1734237506.5767105, "_runtime": 1129.8788373470306, "_step": 2, "_wandb": {"runtime": 1129}}