{"epoch": 2, "train_loss": 2.7303716538966385, "val_loss": 2.8402156978845596, "val_precision": 0.294022154316272, "val_recall": 0.391879852360952, "val_f1": 0.33597032025751544, "val_exact_match": 0.6156052782558806, "_timestamp": 1734232649.5356767, "_runtime": 685.7271337509155, "_step": 1, "_wandb": {"runtime": 685}}