{"epoch": 2, "train_loss": 1.9499407048253468, "val_loss": 2.6253778789482944, "val_precision": 0.4332020599818237, "val_recall": 0.5435884439939179, "val_f1": 0.48215790952514753, "val_exact_match": 0.6448651749856569, "_timestamp": 1734087044.5056021, "_runtime": 1069.4521970748901, "_step": 1, "_wandb": {"runtime": 1069}}