{"epoch": 2, "train_loss": 1.9777402005661493, "val_loss": 2.285971373861486, "val_precision": 0.3804193319118692, "val_recall": 0.5185274884960038, "val_f1": 0.4388644050425336, "val_exact_match": 0.6947791164658634, "_timestamp": 1734182105.4813113, "_runtime": 728.6665453910828, "_step": 1, "_wandb": {"runtime": 728}}