{"epoch": 2, "train_loss": 1.9421969427118313, "val_loss": 2.600273787155064, "val_precision": 0.60241214389686, "val_recall": 0.46389111289031226, "val_f1": 0.5241541523430432, "overprediction_cases": 115, "overprediction_avg_length": 9.852173913043478, "true_avg_length": 3.5478260869565217, "true_positives": 2897, "false_positives": 1912, "false_negatives": 3348, "_timestamp": 1734306442.1649368, "_runtime": 846.2583248615265, "_step": 1, "_wandb": {"runtime": 846}}