{"epoch": 2, "train_loss": 1.9935182127401023, "val_loss": 2.66686397404709, "val_precision": 0.3846896672811869, "val_recall": 0.5280790551940227, "val_f1": 0.4451216415257251, "val_exact_match": 0.6385542168674698, "_timestamp": 1734051547.3198938, "_runtime": 1084.369393825531, "_step": 1, "_wandb": {"runtime": 1084}}