{"epoch": 3, "train_loss": 1.3053143477131581, "val_loss": 2.3902743702585045, "val_precision": 0.392539356605065, "val_recall": 0.5555824654880116, "val_f1": 0.46004211370700887, "val_exact_match": 0.72346528973035, "_timestamp": 1734212788.3424268, "_runtime": 1050.7951006889343, "_step": 2, "_wandb": {"runtime": 1050}}