{"epoch": 2, "train_loss": 1.8263640023168477, "val_loss": 2.2607840879931365, "val_precision": 0.40683054982173017, "val_recall": 0.5250666020828287, "val_f1": 0.45844787481497146, "val_exact_match": 0.7171543316121629, "_timestamp": 1734152652.7820516, "_runtime": 767.0565376281738, "_step": 1, "_wandb": {"runtime": 766}}