{"epoch": 2, "train_loss": 2.013481709188185, "val_loss": 2.5487216469071328, "val_precision": 0.40367660851622583, "val_recall": 0.5367922175106011, "val_f1": 0.46081370449678793, "val_exact_match": 0.6310958118187033, "_timestamp": 1734098527.3923123, "_runtime": 1014.7650663852692, "_step": 1, "_wandb": {"runtime": 1014}}