{"epoch": 3, "train_loss": 2.029461307361208, "val_loss": 2.7281155543667928, "val_precision": 0.3243421052631579, "val_recall": 0.43922616774850454, "val_f1": 0.37314159052819373, "val_exact_match": 0.6368330464716007, "_timestamp": 1734224553.4024365, "_runtime": 980.6298825740814, "_step": 2, "_wandb": {"runtime": 980}}