{"epoch": 2, "train_loss": 2.080604688079044, "val_loss": 2.952255406212692, "val_precision": 0.44926819620253167, "val_recall": 0.5471516319402625, "val_f1": 0.4934021178387184, "val_exact_match": 0.6500286861732645, "_timestamp": 1734099725.159325, "_runtime": 1186.0031428337097, "_step": 1, "_wandb": {"runtime": 1185}}