{"epoch": 2, "train_loss": 1.905799907824961, "val_loss": 2.632597835674677, "val_precision": 0.46452461892751395, "val_recall": 0.5227693446871529, "val_f1": 0.49192892811520145, "val_exact_match": 0.6454388984509466, "_timestamp": 1734105248.8921688, "_runtime": 1079.4211428165436, "_step": 1, "_wandb": {"runtime": 1079}}