{"epoch": 3, "train_loss": 1.0652362022676034, "val_loss": 3.1805626293868596, "val_precision": 0.41381805028034, "val_recall": 0.5541293291353838, "val_f1": 0.4738041002277904, "val_exact_match": 0.7188755020080321, "_timestamp": 1734145321.2065809, "_runtime": 1180.7145249843597, "_step": 2, "_wandb": {"runtime": 1180}}