{"epoch": 2, "train_loss": 1.8153612083230894, "val_loss": 2.216021240030954, "val_precision": 0.3702209750964574, "val_recall": 0.5112618067328651, "val_f1": 0.429457837452955, "val_exact_match": 0.7269076305220884, "_timestamp": 1734122711.0105999, "_runtime": 1036.4238469600677, "_step": 1, "_wandb": {"runtime": 1036}}