{"epoch": 2, "train_loss": 1.9888575408650542, "val_loss": 2.2930431322617966, "val_precision": 0.38851851851851854, "val_recall": 0.508113344635505, "val_f1": 0.44034001469199285, "val_exact_match": 0.7091222030981067, "_timestamp": 1734199094.2769213, "_runtime": 733.7827043533325, "_step": 1, "_wandb": {"runtime": 733}}