{"epoch": 2, "train_loss": 2.0245954228543686, "val_loss": 2.292163866216486, "val_precision": 0.3548609911932309, "val_recall": 0.49769920077500607, "val_f1": 0.41431451612903225, "val_exact_match": 0.7022375215146299, "_timestamp": 1734208648.795117, "_runtime": 735.2849588394165, "_step": 1, "_wandb": {"runtime": 735}}