{"epoch": 3, "train_loss": 1.0844002193752569, "val_loss": 3.102140666759966, "val_precision": 0.45761396702230844, "val_recall": 0.5713247759748123, "val_f1": 0.508186126669539, "val_exact_match": 0.7326448651749856, "_timestamp": 1734170725.8204944, "_runtime": 1158.9111444950104, "_step": 2, "_wandb": {"runtime": 1158}}