{"epoch": 2, "train_loss": 1.8406970638653328, "val_loss": 2.2642061238715407, "val_precision": 0.3814878892733564, "val_recall": 0.5340276095907, "val_f1": 0.44504995458673935, "val_exact_match": 0.7188755020080321, "_timestamp": 1734126862.2689912, "_runtime": 1036.2573182582855, "_step": 1, "_wandb": {"runtime": 1036}}