{"epoch": 2, "train_loss": 2.007285104038265, "val_loss": 2.6129705220836836, "val_precision": 0.3930510314875136, "val_recall": 0.5068092147129948, "val_f1": 0.44273960418056485, "val_exact_match": 0.6603557085484796, "_timestamp": 1734235572.8397741, "_runtime": 785.9298210144043, "_step": 1, "_wandb": {"runtime": 785}}