{"epoch": 2, "train_loss": 1.688808797665968, "val_loss": 2.2979224605075674, "val_precision": 0.4715234453612397, "val_recall": 0.5674497457011383, "val_f1": 0.5150582545614422, "val_exact_match": 0.7343660355708549, "_timestamp": 1734211729.1715686, "_runtime": 812.2337837219238, "_step": 1, "_wandb": {"runtime": 812}}