{"epoch": 2, "train_loss": 2.0057201355496788, "val_loss": 2.564111094460438, "val_precision": 0.3556864945753835, "val_recall": 0.4840269823087692, "val_f1": 0.410049059248477, "val_exact_match": 0.6546184738955824, "_timestamp": 1734238301.9710698, "_runtime": 786.5251188278198, "_step": 1, "_wandb": {"runtime": 786}}