{"epoch": 3, "train_loss": 1.3806340204291285, "val_loss": 3.8577556422838293, "val_precision": 0.5027217419148254, "val_recall": 0.5650869826034793, "val_f1": 0.5320831450519656, "val_exact_match": 0.6540447504302926, "_timestamp": 1734032835.8159852, "_runtime": 1729.7073271274567, "_step": 2, "_wandb": {"runtime": 1729}}