{"epoch": 3, "train_loss": 1.0709725033941453, "val_loss": 2.6300392908924217, "val_precision": 0.45500584339696143, "val_recall": 0.565754419956406, "val_f1": 0.5043722336176185, "val_exact_match": 0.7217441193344808, "_timestamp": 1734159533.3552995, "_runtime": 1101.4413454532623, "_step": 2, "_wandb": {"runtime": 1101}}