{"epoch": 2, "train_loss": 2.034855656171667, "val_loss": 2.3489439327608457, "val_precision": 0.35772220344711053, "val_recall": 0.5127149430854928, "val_f1": 0.421419329152981, "val_exact_match": 0.7068273092369478, "_timestamp": 1734187414.967359, "_runtime": 728.7596061229706, "_step": 1, "_wandb": {"runtime": 728}}