{"epoch": 2, "train_loss": 2.0632813790063746, "val_loss": 2.310610950534994, "val_precision": 0.3461028192371476, "val_recall": 0.5054492613223541, "val_f1": 0.41086721133969883, "val_exact_match": 0.7074010327022375, "_timestamp": 1734136126.645911, "_runtime": 749.845654964447, "_step": 1, "_wandb": {"runtime": 749}}