{"epoch": 2, "train_loss": 1.9870772926121343, "val_loss": 2.5809051330295314, "val_precision": 0.4398365679264556, "val_recall": 0.5235894941634242, "val_f1": 0.4780726101920728, "val_exact_match": 0.6540447504302926, "_timestamp": 1734044606.693763, "_runtime": 1085.3065481185913, "_step": 1, "_wandb": {"runtime": 1085}}