{"epoch": 2, "train_loss": 1.7609846814225116, "val_loss": 2.3847845685881897, "val_precision": 0.38242806061638, "val_recall": 0.5439573746669896, "val_f1": 0.4491101779644071, "val_exact_match": 0.7286288009179576, "_timestamp": 1734191173.2807734, "_runtime": 804.2600164413452, "_step": 1, "_wandb": {"runtime": 804}}