{"epoch": 2, "train_loss": 1.7218331769397803, "val_loss": 2.3446193698520235, "val_precision": 0.38189998269596814, "val_recall": 0.5345119883749092, "val_f1": 0.44549858700040373, "val_exact_match": 0.7217441193344808, "_timestamp": 1734134607.3923666, "_runtime": 831.0405585765839, "_step": 1, "_wandb": {"runtime": 830}}