{"epoch": 1, "train_loss": 4.20300690237133, "val_loss": 2.9283007069067524, "val_precision": 0.2877208880833711, "val_recall": 0.40144139587811356, "val_f1": 0.33519847972972977, "val_exact_match": 0.5754446356855996, "_timestamp": 1734062474.6165452, "_runtime": 538.069934129715, "_step": 0, "_wandb": {"runtime": 537}}