{"epoch": 3, "train_loss": 1.2374364073483737, "val_loss": 3.075881827238161, "val_precision": 0.42099704267004645, "val_recall": 0.5073183148784524, "val_f1": 0.46014430014430013, "val_exact_match": 0.6701090074584051, "_timestamp": 1734221076.0749497, "_runtime": 1133.2311928272247, "_step": 2, "_wandb": {"runtime": 1133}}