{"epoch": 1, "train_loss": 5.016585089694495, "val_loss": 3.502336378608431, "val_precision": 0.22381610784652609, "val_recall": 0.3377233016038597, "val_f1": 0.269216776674809, "val_exact_match": 0.5301204819277109, "_timestamp": 1734034270.8044534, "_runtime": 534.6732754707336, "_step": 0, "_wandb": {"runtime": 534}}