{"epoch": 2, "train_loss": 1.7658436005849434, "val_loss": 2.3621005336540417, "val_precision": 0.38754630446286825, "val_recall": 0.5320900944538629, "val_f1": 0.4484588691569708, "val_exact_match": 0.7211703958691911, "_timestamp": 1734172634.1268423, "_runtime": 809.0076003074646, "_step": 1, "_wandb": {"runtime": 808}}